Date of Post,Headline
"November 27, 2023","Mother fatally shot son then killed herself, Prince George’s police say"
"November 27, 2023",Man is slain Friday evening in Prince George’s
"November 27, 2023","Man fatally shot in Capitol Heights, police say"
"November 27, 2023","Man found dead in vehicle in Alexandria, police say"
"November 26, 2023",34-year-old man fatally shot in Northeast Washington
"November 26, 2023","In Maryland, a walk for justice for a slain eighth-grader"
"November 25, 2023",D.C. officer charged after high-speed chase and car crash
"November 25, 2023","Their sons’ lives ended in gunfire. In grief, they found a second act."
"November 25, 2023",Man is slain Thanksgiving night in Prince George’s
"November 24, 2023",Suspected cocaine found at fatal gun battle with police in downtown D.C.
"November 23, 2023",Police identify man killed in officer-involved shooting in downtown D.C.
"November 23, 2023","Man fatally shot in Brandywine; suspect died by suicide, police say"
"November 22, 2023",U.S. Park Police officer shot in downtown D.C.
"November 22, 2023","Some Va. inmates could be released earlier after policy change, ACLU says"
"November 22, 2023",Man arrested in fatal shooting inside Fairfax County hotel
"November 22, 2023",Former D.C. teacher charged with sexually abusing student
"November 21, 2023",Police identify Md. pupils killed by van driver while walking to school
"November 21, 2023","Man critically wounded in D.C. shooting has died, police say"
"November 21, 2023",She tried to save her troubled brother. Then came a horrendous assault.
"November 20, 2023",Man fatally shot near school in Southeast Washington
"November 20, 2023",Former Md. mayor gets 30-year prison term in child-pornography case
"November 20, 2023","Six youths critically hurt in Va. crash involving alcohol, police say"
"November 20, 2023","Fentanyl ring exposed after overdose death of D.C. mother, officials say"
"November 20, 2023",Two Maryland students struck and killed by van while walking to school
"November 19, 2023","Man found slain in parking garage in Shaw, D.C. police say"
"November 19, 2023",Man fatally shot in Marriott hotel in Fairfax County
"November 18, 2023",D.C. teen killed in Southeast Washington shooting
"November 18, 2023",U.S. judge ordered to rethink ruling on Prince George’s pretrial system
"November 17, 2023",Drunk driver who killed Uber passenger in D.C. gets 8-year prison term
"November 17, 2023",Hundreds gather for pro-Palestinian rally outside Union Station
"November 17, 2023",Man fatally shot along New York Avenue in Northeast D.C.
"November 17, 2023",Three people injured in shooting near cemetery in Prince George’s
"November 17, 2023","3 charged with murder in Camp Springs area shooting, police say"
"November 17, 2023","U-Va. delays release of report on 2022 shooting, citing criminal trial"
"November 16, 2023",Lawyer says D.C. 13-year-old killed father after ‘lifetime’ of abuse
"November 16, 2023",Man who attacked Rep. Angie Craig sentenced to 27 months in prison
"November 16, 2023","Md. man charged with murder in shooting of roommate, police say"
"November 16, 2023",Ex-Pentagon police officer gets 25 years for fatally shooting two men
"November 15, 2023",Mother of boy who shot Va. teacher gets 21-month sentence on gun charges
"November 15, 2023",Second victim dies from shooting in Northeast Washington
"November 15, 2023",Three French bulldogs taken at gunpoint in Southeast Washington
"November 14, 2023",Bowie High School student brings loaded handgun to campus
"November 14, 2023",Police say 13-year-old boy fatally stabbed his father in Northwest D.C.
"November 14, 2023","Climate protester vandalizes wall at National Gallery, officials say"
"November 14, 2023",Triple murder sentence reduced for man imprisoned since he was 17
"November 13, 2023","Man is shot, critically wounded in Southeast D.C., police say"
"November 13, 2023","Facing contempt threat, D.C. finds more housing for youth detainees"
"November 13, 2023",Police arrest teen in November killing of 14-year-old
"November 13, 2023","Five slain in three-day span in D.C., continuing surge of deadly violence"
"November 13, 2023","Suspect in custody after man fatally stabbed in Alexandria, police say"
"November 13, 2023",Secret Service agent in Georgetown fires gun during vehicle break-in
"November 13, 2023","Gun store burglarized in Montgomery County, police say"
"November 12, 2023",Woman slain in Southeast Washington
"November 12, 2023",Suspect arrested in fatal shooting of man in vehicle in Northeast D.C.
"November 12, 2023","Former inmate sues Virginia, saying he was held too long"
"November 11, 2023","Man, 38, fatally shot Saturday morning in Southeast D.C., police say"
"November 11, 2023","In rare move, D.C. police bump missing woman’s case to major crime unit"
"November 11, 2023",Former FBI contractor pleads guilty to exploiting minors on gaming app
"November 11, 2023",Slaying victim found on Lost Knife Circle
"November 10, 2023",Police car stolen as car thefts soar in D.C.
"November 15, 2023",Three French bulldogs taken at gunpoint in Southeast Washington
"November 14, 2023",Bowie High School student brings loaded handgun to campus
"November 14, 2023",Police say 13-year-old boy fatally stabbed his father in Northwest D.C.
"November 14, 2023","Climate protester vandalizes wall at National Gallery, officials say"
"November 14, 2023",Triple murder sentence reduced for man imprisoned since he was 17
"November 13, 2023","Man is shot, critically wounded in Southeast D.C., police say"
"November 13, 2023","Facing contempt threat, D.C. finds more housing for youth detainees"
"November 13, 2023",Police arrest teen in November killing of 14-year-old
"November 13, 2023","Five slain in three-day span in D.C., continuing surge of deadly violence"
"November 13, 2023","Suspect in custody after man fatally stabbed in Alexandria, police say"
"November 13, 2023",Secret Service agent in Georgetown fires gun during vehicle break-in
"November 13, 2023","Gun store burglarized in Montgomery County, police say"
"November 12, 2023",Woman slain in Southeast Washington
"November 12, 2023",Suspect arrested in fatal shooting of man in vehicle in Northeast D.C.
"November 12, 2023","Former inmate sues Virginia, saying he was held too long"
"November 11, 2023","Man, 38, fatally shot Saturday morning in Southeast D.C., police say"
"November 11, 2023","In rare move, D.C. police bump missing woman’s case to major crime unit"
"November 11, 2023",Former FBI contractor pleads guilty to exploiting minors on gaming app
"November 11, 2023",Slaying victim found on Lost Knife Circle
"November 10, 2023",Police car stolen as car thefts soar in D.C.
"November 10, 2023",Executive assistant D.C. police chief leaves for Capitol Police force
"November 9, 2023",Florida lawyer held on charges he tried to blow up Chinese embassy wall
"November 9, 2023",Maryland man charged in October killing of brother
"November 9, 2023",Man charged in domestic slaying in Prince George’s County
"November 9, 2023","1 dead, 1 injured after shooting, Prince George’s police say"
"November 8, 2023","‘High-end brothel’ serving politicians and executives busted, feds say"
"November 8, 2023",Maryland settles in suit involving medical examiner’s office
"November 7, 2023",Former Montgomery County teacher accused of sexually abusing 14-year-old
"November 7, 2023",Police arrest man carrying long gun near Capitol
"November 6, 2023","Man, 23, killed Saturday morning in Southeast D.C., police say"
"November 6, 2023",D.C. mayor resurrects old policy to target open-air drug markets
"November 6, 2023",D.C. police investigate two unrelated fatal shootings
"November 6, 2023",Assistant D.C. administrator put on leave after domestic violence arrest
"November 5, 2023",U.S. Park Police officer accidentally shoots and kills fellow officer
"November 5, 2023","Man fatally shot in Montgomery County restaurant, police say"
"November 4, 2023","14-year-old, man killed in two D.C. shootings, police say"
"November 4, 2023",D.C. police arrest 22-year-old man in fatal August shooting
"November 4, 2023",Family ‘distraught’ after man’s death at Johns Hopkins was ruled a homicide
"November 4, 2023",Police exchange shots with alleged assailant in Southeast
"November 3, 2023",Two teens charged in D.C. robbery spree that ended in fatal shooting
"November 3, 2023",Man shot in Southeast Washington in 2021 dies of injuries
"November 2, 2023",Carjackings prompt finger-pointing and criticisms among D.C. officials
"November 2, 2023","Man, 36, fatally shot early Wednesday in Southeast D.C."
"November 1, 2023",Va. man pleads guilty to accidentally shooting and killing best friend
"November 1, 2023",Detective describes attempted carjacking that left D.C. youth dead
"November 1, 2023","Intruder rings doorbell in Rockville on Halloween, police say"
"November 1, 2023",Prince George’s police detective mourns son killed at basketball court
"October 31, 2023",Police probe homicide after man assaulted in Bowie in August dies
"October 31, 2023",Body of man who had been shot is found in trash can in Southeast D.C.
"October 31, 2023",Five arrested after assaults at D.C. youth center
"October 31, 2023",Youth charged in attempted D.C. carjacking that ended in fatal gunfire
"October 31, 2023","Two men shot, one fatally, in Southeast Washington"
"October 31, 2023","Stafford County, Va., fire recruit charged with killing infant son"
"October 31, 2023",A night with the rat hunters
"October 30, 2023",Two suspects arrested in Fort Washington killing
"October 30, 2023",Alleged teen carjacker fatally shot as D.C. grapples with youth crime
"October 30, 2023",12-year-old admits to robbing D.C. Uber Eats driver of his moped
"October 30, 2023",Man fatally shot in the Hyattsville area
"October 30, 2023",Prince George’s police investigating fatal shooting of teen in Clinton
"October 29, 2023","D.C. youth fatally shot by victim of attempted carjacking, police say"
"October 28, 2023","Man with Down syndrome, missing for a week, found in locked Metro corridor"
"October 28, 2023",D.C. holds first ‘Missing Persons Day’ to help loved ones find answers
"October 28, 2023","Man charged in stabbing of Rand Paul staffer needs more tests, judge says"
"October 27, 2023",Teen charged in fatal D.C. carjacking was freed after earlier arrest
"October 27, 2023",Police say 15-year-old was behind false Paint Branch school bomb threat
"October 27, 2023",Fairfax elementary school teacher charged with lewd act toward child
"October 26, 2023",Video released of gunfire that wounded D.C. officer and killed suspect
"October 26, 2023",Murder suspect who escaped GWU Hospital last month is captured
"October 26, 2023",Suspect in slaying of Maryland judge Andrew Wilkinson is found dead
"October 26, 2023",Congressman pleads guilty to pulling false fire alarm in House building
"October 26, 2023","Man, 67, fatally shot in Southeast Washington"
"October 25, 2023","Second Baltimore firefighter dies after battling rowhouse fire, officials say"
"October 25, 2023","1 dead, 2 injured in shooting in Silver Spring, Md., police say"
"October 25, 2023",Police identify man killed earlier this month in Northwest D.C.
"October 25, 2023",Woman charged in July fatal shooting in Northwest Washington
"October 25, 2023",Fake but disruptive bomb threats plague Montgomery County schools
"October 25, 2023",Woman slain in Laurel remembered for her work with Langdon Park youths
"October 24, 2023",‘Potentially offensive’ material found in Alexandria police car
"October 24, 2023",Off-duty D.C. Housing Authority officer shot on New York Avenue
"October 24, 2023",D.C. day-care teachers with 24 students attacked on street
"October 24, 2023","D.C. man dies in custody near courthouse, report says"
"October 24, 2023",Woman sentenced in assaults of toddlers at Oxon Hill day care
"October 23, 2023","In D.C. bill, Bowser aims to curb retail theft, drug dealing, police reform"
"October 23, 2023",‘He had made it’: Man who escaped D.C. streets fatally shot near home
"October 23, 2023",Police search for driver in fatal hit and run in Pr. George’s
"October 23, 2023",Police say wounded D.C. officer might have been hit by friendly fire
"October 23, 2023","Man killed in domestic-related stabbing, police say"
"October 23, 2023",More bomb threats - and more all-clears - at two Montgomery schools
"October 23, 2023","Man is fatally stabbed in Prince George’s, police say"
"October 22, 2023","Man, 24, killed in U Street NW shooting in the District"
"October 22, 2023",Sheriff concludes search in Williamsport for suspect in Md. judge’s death
"October 21, 2023",Police locate car last operated by man suspected of killing Md. judge
"October 21, 2023",Rape suspects captured at Dulles while heading to El Salvador
"October 20, 2023","Senator’s staff member loses car, purse to gunman on Capitol Hill"
"October 20, 2023",D.C. police officer shot three weeks after graduating from academy
"October 20, 2023",Four men sentenced to decades in prison in fatal shooting of 10-year-old
"October 20, 2023","Man fatally shot in Prince George’s County, police say"
"October 20, 2023",Va. fentanyl dealer gets two-and-a-half years in prison
"October 20, 2023",Police say Md. judge was killed in ‘targeted attack’ after custody hearing
"October 20, 2023","Baltimore firefighter killed, four others injured in rowhouse blaze"
"October 20, 2023","Man killed, officer wounded in exchange of gunfire in Southeast D.C."
"October 19, 2023","Washington County Circuit Court judge killed in Md., official says"
"October 19, 2023",Woman slain Saturday outside D.C. sports bar
"October 19, 2023",Officer nearly killed by speeding driver tried to stop him months earlier
"October 19, 2023",D.C. U.S. attorney prosecuting more cases in 2023 than in year earlier
"October 19, 2023","Woman charged with murder in shooting at Herndon, Va. home"
"October 19, 2023",Officer admits to covering up crash after unauthorized Georgetown chase
"October 18, 2023","Police officer struck, critically injured on I-270 in Montgomery County"
"October 18, 2023",‘Frivolous’ v. ‘No trust here.’ Rift grows over Maryland judge’s job swap
"October 17, 2023","Four charged in death of woman found in Montgomery, police say"
"October 17, 2023",D.C. records four homicides in 24 hours as killings continue to climb
"October 17, 2023","Carjackers sold stolen vehicles to undercover police, authorities say"
"October 16, 2023",Man critically wounded in Northeast Washington shooting
"October 16, 2023",Man fatally shot in shopping center parking lot in Northeast Washington
"October 16, 2023","About 50, not 300, were in crowd of Tenleytown Wawa fight, police say"
"October 16, 2023",Girl killed in Mother’s Day shooting victim of feuding neighborhood gangs
"October 16, 2023",D.C. police arrest suspect in fatal shooting in Southeast Washington
"October 16, 2023",Fight at Tenleytown Wawa prompts police to disperse as many as 300 youths
"October 13, 2023","Three men charged in March fatal shooting, Pr. George’s police say"
"October 13, 2023","Man fatally shot in Northeast Washington, D.C. police say"
"October 13, 2023","Police charge teen, seek second suspect in Morgan State shooting"
"October 13, 2023","Teen charged with murder of family member in Pr. George’s, police say"
"October 13, 2023","Man sentenced to 25 years for strangling woman, Maryland officials say"
"October 13, 2023",D.C. area boosts security on Friday after call for Hamas ‘day of rage’
"October 13, 2023",Fairfax special grand jury indicts officer who killed man near Tysons mall
"October 12, 2023","Man shoots two people he says robbed him in D.C., police say"
"October 12, 2023","At House subcommittee hearing, agreement that D.C.’s in a crime crisis"
"October 12, 2023","Once again, House GOP members plan to take aim at D.C. crime"
"October 11, 2023",Police identify woman fatally shot in Laurel
"October 10, 2023",Morgan State to limit open access to campus after shooting
"October 10, 2023",Man charged in killing of woman who was found shot in car at Va. hospital
"October 10, 2023",Longtime D.C. criminal defense lawyer indicted on sex assault charges
"October 10, 2023","A month after escaping D.C. police, an accused killer remains at large"
"October 10, 2023","Teen fatally shot in Fort Washington area, police say"
"October 10, 2023",Teen slain in Prince George’s; school postpones game
"October 10, 2023","D.C. man fatally shot in Capitol Heights area of Md., police say"
"October 10, 2023","Man is fatally shot in Prince George’s County, Md."
"October 9, 2023","Fatal shooting reported in Prince George’s, police say"
"October 9, 2023","Police, family identify four teens killed in fiery Prince George’s crash"
"October 9, 2023","Sugarloaf Mountain to reopen with new hours, cameras after burglary attempt"
"October 9, 2023",Police identify man fatally shot in Northwest Washington
"October 8, 2023","Man shot and killed in Maryland, son charged with murder"
"October 8, 2023","Two young men injured in shooting at Bowie State University, police say"
"October 7, 2023","Man fatally shot Saturday afternoon in Brightwood, police say"
"October 6, 2023",Two men sentenced in the stray-bullet killing of 10-year-old D.C. girl
"October 6, 2023",D.C. woman who was fatally shot had reported domestic abuse
"October 6, 2023",Police seek persons of interest in Morgan State shooting that injured 5
"October 6, 2023","Two fatally shot in Oxon Hill area, police say"
"October 6, 2023",Man found guilty in fatal stabbing and burning of Fairfax County woman
"October 6, 2023",Man fatally shot in Southeast Washington
"October 6, 2023",Two men arrested in fatal summer shooting in Prince George’s County
"October 5, 2023",‘There wasn’t a delay’: D.C. 911 chief defends response to District Dogs flood
"October 5, 2023",Police target fugitives for violating release conditions
"October 5, 2023",Victim of school bathroom sexual assault sues Va. school district
"October 4, 2023",Morgan State cancels homecoming events as campus reels after shooting
"October 4, 2023",Man charged in gunfight outside D.C. waterfront restaurant
"October 4, 2023","Man arrested in May killing of 2-year-old, police say"
"October 4, 2023",U-Md. bus strikes pole; multiple minor injuries reported
"October 4, 2023","D.C. police arrest man, 46, in July killing"
"October 4, 2023","Five people, four of them students, wounded in shooting at Morgan State University"
"October 4, 2023","After chase and crash, passersby aid arrest in Old Town Alexandria"
"October 3, 2023",Police identify man found fatally shot in McPherson Square in downtown D.C.
"October 3, 2023",Carjacking of congressman renews cries to quell D.C. crime
"October 3, 2023","Texas congressman carjacked in Southeast Washington, authorities say"
"October 2, 2023","Man charged with murder after body is found in Va. park, police say"
"October 2, 2023",Survivor of 2022 D.C. sniper attack sues gunmakers over military-style ads
"October 1, 2023",Man charged in Sunday morning homicide in D.C.
"October 1, 2023","SUV that crashed into tree in Md., killing 4, had been stolen, police say"
"September 30, 2023",Upper Marlboro man arrested in fatal shooting of girlfriend
"September 29, 2023","Four found dead after fiery Prince George’s crash, officials say"
"September 29, 2023",Former ABC News journalist gets 6-year sentence in child pornography case
"September 29, 2023",Virginia man sentenced to 27 years for 2005 rape of 12-year-old D.C. girl
"September 29, 2023",D.C. youth convicted of murder in shooting at Juneteenth music festival
"September 29, 2023",Doctoral student with ‘obsession’ flew to D.C. to kill her ex-boyfriend
"September 29, 2023","Suspect arrested in Baltimore CEO’s death, police say"
"September 29, 2023","D.C., Va. men killed in Wednesday night shooting in Northeast Washington"
"September 29, 2023",Deaths of two people in separate D.C. fires ruled homicides
"September 29, 2023",Understanding the District’s rising homicide count
"September 28, 2023","List of additional homicides in D.C. includes 2 infants, 88-year-old man"
"September 28, 2023",PSA from the U.S. attorney in Maryland spotlights toll of gun violence
"October 4, 2023","After chase and crash, passersby aid arrest in Old Town Alexandria"
"October 3, 2023",Police identify man found fatally shot in McPherson Square in downtown D.C.
"October 3, 2023",Carjacking of congressman renews cries to quell D.C. crime
"October 3, 2023","Texas congressman carjacked in Southeast Washington, authorities say"
"October 2, 2023","Man charged with murder after body is found in Va. park, police say"
"October 2, 2023",Survivor of 2022 D.C. sniper attack sues gunmakers over military-style ads
"October 1, 2023",Man charged in Sunday morning homicide in D.C.
"October 1, 2023","SUV that crashed into tree in Md., killing 4, had been stolen, police say"
"September 30, 2023",Upper Marlboro man arrested in fatal shooting of girlfriend
"September 29, 2023","Four found dead after fiery Prince George’s crash, officials say"
"September 29, 2023",Former ABC News journalist gets 6-year sentence in child pornography case
"September 29, 2023",Virginia man sentenced to 27 years for 2005 rape of 12-year-old D.C. girl
"September 29, 2023",D.C. youth convicted of murder in shooting at Juneteenth music festival
"September 29, 2023",Doctoral student with ‘obsession’ flew to D.C. to kill her ex-boyfriend
"September 29, 2023","Suspect arrested in Baltimore CEO’s death, police say"
"September 29, 2023","D.C., Va. men killed in Wednesday night shooting in Northeast Washington"
"September 29, 2023",Deaths of two people in separate D.C. fires ruled homicides
"September 29, 2023",Understanding the District’s rising homicide count
"September 28, 2023","List of additional homicides in D.C. includes 2 infants, 88-year-old man"
"September 28, 2023",PSA from the U.S. attorney in Maryland spotlights toll of gun violence
"September 28, 2023","2 men killed, three wounded in Northeast D.C."
"September 27, 2023",Montgomery to pay $9.7 million to settle Damascus sex assault claims
"September 27, 2023","Student, bystander killed in shootings as D.C. homicide total grows"
"September 26, 2023",D.C. surpasses 200 homicides for the year at earliest point since 1997
"September 26, 2023",Police say they thwarted a planned shooting at a Virginia church
"September 26, 2023","Teen, 16, fatally shot in Southeast Washington, police say"
"September 26, 2023",Man arrested after dead woman found in tractor-trailer at Costco depot
"September 25, 2023","Truck driver who fatally struck diplomat on bike in Maryland fined $2,000"
"September 25, 2023",D.C. police cite ‘lax security’ in closing lounge after shooting
"September 25, 2023",Authorities investigate molotov cocktails targeting Cuban embassy
"September 25, 2023","Man charged with murder in Forestville-area shooting, police say"
"September 24, 2023","Former college basketball standout killed, three wounded in D.C. shooting"
"September 24, 2023",Va. woman gets 78-year sentence in fatal shooting of her two daughters
"September 23, 2023",Man found fatally shot in Southeast D.C.
"September 23, 2023",Mom of victim killed in Beltway hit-and-run pleads for driver to come forward
"September 22, 2023","Va. woman convicted for second time in killings of her mother, sister"
"September 22, 2023",Three men plead guilty in Virginia gun trafficking case
"September 22, 2023","Man charged with arson accused of torching stores, side of police station"
"September 21, 2023",Police arrest D.C. man in fatal shooting in the city last month
"September 21, 2023","Two shot, one fatally, as D.C. homicide toll continues to worsen"
"September 21, 2023","Woman arrested in April shooting in Prince George’s County, police say"
"September 21, 2023",Judge declines to revoke bond for mother of boy who shot Va. teacher
"September 20, 2023",Family of Irvo Otieno settles suit over his death at Va. mental hospital
"September 20, 2023","Teen found with loaded gun at Fairmont Heights High School, police say"
"September 20, 2023","Two fatally shot in Prince George’s, police say"
"September 19, 2023","‘Ari, don’t die’: Shooting of 10-year-old D.C. girl described in court"
"September 19, 2023","52-year-old man dies from fatal injuries after car theft, police say"
"September 19, 2023",A pastor vanished. His family’s search helped lead to his alleged killer.
"September 18, 2023",Kayaker dies in the Potomac River
"September 18, 2023","43-year-old man fatally shot in Woodbridge, police say"
"September 18, 2023","Man fatally shot Sunday in Northeast Washington, police say"
"September 17, 2023",Teen goes on trial in fatal 2022 shooting at ‘Moechella’ event
"September 16, 2023",Police balked at giving Michael Fanone his badge back. Then a reporter called.
"September 15, 2023",Man sentenced in truck bomb threat that forced Capitol Hill evacuations
"September 15, 2023",Sixteen-year sentence for Navy sailor who fatally stabbed man in D.C.
"September 15, 2023",Man gets 35-year term for 2010 killing of still-missing D.C. woman
"September 15, 2023",17-year-old arrested in killing of Duval High student Jayda Medrano Moore
"September 15, 2023","Temple Hills shooting victim dies of injuries, Prince George’s police say"
"September 14, 2023",D.C. police arrest man in connection with two fatal shootings
"September 14, 2023",Ex-Pentagon police officer David Dixon pleads guilty to murder counts
"September 14, 2023","28-year-old fatally shot in Bladensburg area, police say"
"September 14, 2023",Md. judiciary chairman: Youth violence is ‘a failing ... of all of us’
"September 13, 2023","Man charged in Md. missing-teacher case has violent history, prosecutors say"
"September 13, 2023",Police say naked intruder found in Virginia home dies at hospital
"September 12, 2023",DuVal High to install weapons detectors days after fatal shooting
"September 12, 2023","A month after turning 17, he was killed on his way to work"
"September 12, 2023","Two teens charged with murder in Pr. George’s, police say"
"September 12, 2023",Maryland woman who left wounded boyfriend at hospital charged with murder
"September 12, 2023","Data in hand, Md. juvenile services chief says youth crime is down"
"September 12, 2023","Teenager is slain by masked attackers in Northeast D.C., police say"
"September 11, 2023",Girl is fatally shot near DuVal High School in Pr. George’s
"September 11, 2023","Decades later, police have suspect in Va. woman’s brutal stabbing death"
"September 11, 2023","22-year-old killed in Clinton shooting, Prince George’s police say"
"September 11, 2023",A shaken Washington copes with surging violence: ‘This is not normal’
"September 10, 2023","Woman, 21, killed in Northeast D.C. shooting, police say"
"September 9, 2023",Maryland prosecutor and judge he hired may be forced to testify
"September 9, 2023","D.C. postal worker stole $1.7M in checks, prosecutors allege"
"September 9, 2023","Man dies two days after shooting, D.C. police say"
"September 8, 2023","Man slain in Prince George’s, police say"
"September 8, 2023","40% of D.C. 911 center shifts understaffed last month, data shows"
"September 8, 2023",D.C. police charge one man with murder and another with killing a witness
"September 8, 2023",Five teens arrested following post-football game brawl in Bethesda
"September 8, 2023",Charges upgraded against suspect in shooting of U-Va. football players
"September 8, 2023","Bomb threat over at Arlington Cemetery, but it will stay closed to visitors"
"September 8, 2023",Man charged with stabbing Rand Paul staffer to be moved to mental facility
"September 8, 2023","Man fatally shot in Brentwood, police say"
"September 8, 2023",Stabbing suspect fatally struck by vehicle on Route 50 in Virginia
"September 7, 2023","Police didn’t fully secure murder suspect who fled D.C. hospital, chief says"
"September 7, 2023","Victim says robbery attempt preceded shooting that killed 1, wounded 4"
"September 7, 2023","Driver hits several police cars in chase from Va. to D.C., authorities say"
"September 7, 2023",Police arrest suspect in fatal shooting at Adams Morgan soccer field
"September 6, 2023",D.C. police search for murder suspect who escaped custody at GWU Hospital
"September 6, 2023",D.C. police arrest 3 men in fatal Waterfront-area shooting
"September 6, 2023",Prosecutors ask to revoke bond for mom of 6-year-old who shot teacher
"September 6, 2023","19-year-old killed in Temple Hills shooting, police say"
"September 6, 2023","One dead, two injured in ‘domestic-related’ shooting in Montgomery County"
"September 5, 2023","Five shot, one fatally, near waterfront in Southwest Washington"
"September 5, 2023",Tow truck hauls away SUV near Va. mall with toddlers still inside
"September 5, 2023",97 D.C. neighborhood leaders urge change in city response to 911 calls
"September 5, 2023",Prince George’s officer suspended after viral video
"September 4, 2023",Killing in Southeast is city’s seventh homicide since Friday
"September 4, 2023","Man stabbed in D.C. in August has died, police say"
"September 4, 2023",Officials urge caution after e-bike battery sparks D.C. house fire
"September 4, 2023",Md. man found fatally wounded in Northeast
"September 4, 2023",D.C. man arrested in Metro stabbing
"September 3, 2023",Police: Man dies after being shot multiple times by roommate in Va.
"September 3, 2023",Man shot to death near Dulles Town Center in Sterling
"September 3, 2023",Teen arrested in Mount Vernon-area slaying
"September 3, 2023","A murder case derailed his redemption story. Years later, it was dropped."
"September 2, 2023","At least 11 shot, five killed in D.C. shootings"
"September 2, 2023","Girl, 16, killed in fight over McDonald’s sauce on U Street had dreams"
"September 2, 2023",Slain Maryland teacher was ‘a student favorite’
"September 2, 2023",Missing Greenbelt teacher found slain; Maryland man charged with her murder
"September 2, 2023","Man is fatally shot in the District, police say"
"September 2, 2023",Man is slain in Fairfax County
"September 1, 2023",Father charged with murder in killing of wife and son after barricade
"September 1, 2023","Man stabbed and wounded on Green Line Metro train, authorities say"
"September 1, 2023","D.C. man charged with murder, though police say he didn’t fire fatal shot"
"September 1, 2023","Signaling new posture, prosecutors charge teen as adult in D.C. robberies"
"September 1, 2023",Prince George’s police investigate Hyattsville homicide
"September 1, 2023",Md. sheriff charged in machine gun conspiracy case returns to work
"September 1, 2023","A man’s gun case was dismissed. Days later, he was charged with murder."
"August 31, 2023",Two people killed and a third wounded in Md. barricade situation
"August 31, 2023",Owners of pets killed in flood at doggy day care grill D.C. mayor
"August 31, 2023","Driver’s ‘aggressive maneuver’ causes fatal crash in Va., police say"
"August 31, 2023","Two more teens arrested in Baltimore block party shooting, police say"
"August 31, 2023","Man fatally shot in Southeast Washington, police say"
"August 30, 2023",Teen girl from D.C. arrested in Capitol Hill carjacking attempt
"August 30, 2023","Ex-cardinal McCarrick’s sex abuse case is dismissed, without a ‘reckoning’"
"August 30, 2023","Baltimore police showed ‘indifference’ ahead of shooting, report says"
"August 30, 2023",D.C.-based crew charged with robbing jewelry stores along East Coast
"August 30, 2023",Student found with part of a ghost gun at Montgomery Blair High School
"August 30, 2023","Witness intervenes in Capitol Hill carjacking attempt, police say"
"August 29, 2023","Bomb threat is over at National Zoo, but park will stay closed for day"
"August 28, 2023","Charged with trespassing at airport, she died in custody 2 weeks later"
"August 28, 2023","Teen killed outside McDonald’s in sweet-and-sour sauce dispute, police say"
"August 28, 2023",Police investigate slaying in Oxon Hill area
"August 28, 2023","Man charged with murder after fatal crash with train in Va., police say"
"August 28, 2023","Man arrested in Laurel area shooting, police say"
"August 28, 2023","Woman fatally shot in Prince George’s, man wounded, police say"
"August 27, 2023","Woman, 73, dies after Arlington jail incident"
"August 27, 2023",D.C. police arrest teen in string of carjackings and robberies
"August 27, 2023","3 teens slain this weekend in D.C. in separate incidents, police say"
"August 26, 2023","Man is fatally shot in Southeast Washington, D.C. police say"
"August 25, 2023",Dentist James Ryan found guilty of murder in anesthesia overdose death
"August 25, 2023",Three-year prison term for ex-D.C. lieutenant who fatally shot library officer
"August 25, 2023",D.C. has long struggled with 911 calls. Then 10 dogs died in a flood.
"August 25, 2023",DNA found with woman’s body off Md. trail matches suspect in LA crime
"August 25, 2023",Authorities identify D.C. police officer who shot man in Northwest
"August 25, 2023","Man fatally shot in Northwest Washington, D.C. police say"
"August 24, 2023","Robbery suspect had three parrots sitting on him, police say"
"August 24, 2023",D.C. police investigate possible murder-suicide in Southwest Washington
"August 23, 2023",Police charge Va. man they say shot at car on I-66 in ‘road rage’ incident
"August 23, 2023","D.C. youths, 50 miles from home on Bikeshare bikes, charged in burglary attempt"
"August 22, 2023","Person shot at moving car on I-66 in Virginia, police say"
"August 22, 2023",Va. man pleads guilty to killing his landlord and hiding her remains
"August 22, 2023",Man and woman found dead in Fairfax County home
"August 22, 2023",Maryland man fatally shot in Southeast Washington
"August 22, 2023","12-year-old arrested in D.C. carjacking attempt, police say"
"August 21, 2023",Md. police shoot man who they said lunged at them with knife
"August 21, 2023",Man jailed on murder charge in D.C. accused of killing behind bars
"August 21, 2023",Teens arrested after golf cart is taken at gunpoint at Va. country club
"August 21, 2023","Off-duty Fairfax officer arrested for DUI after crash, police say"
"August 20, 2023",From beauty queen to fatal overdose in Maryland dentist’s murder trial
"August 20, 2023",3 men die Saturday following violent incidents over past week
"August 19, 2023","Smoke causes evacuation of Dulles terminal, official says"
"August 19, 2023",FBI looks for Proud Boy after the Jan. 6 convict missed his sentencing
"August 19, 2023","Homicides are falling in many big cities. In D.C., they’re rising."
"August 17, 2023","D.C. police officer shoots, critically wounds armed man in Northwest"
"August 17, 2023",D.C. offers scant details about 911 calls reporting District Dogs flood
"August 17, 2023",Howard U. aims to reassure students after violence on and near campus
"August 17, 2023",D.C. officials say they will enforce youth curfew in certain areas
"August 17, 2023",Woman sentenced to 22 years for trying to mail ricin to Trump
"August 17, 2023",Arlington police arrest suspect they say assaulted women in their homes
"August 17, 2023",Man fatally shot near Columbia Heights Metro station
"August 16, 2023",Man released after sex abuse allegations arrested days later in more attacks
"August 16, 2023","16-year sentence for man who got on live video sex calls with 1,000 girls"
"August 16, 2023",Man extradited in 2022 killing of landscaper in D.C.
"August 16, 2023","Two men arrested in fatal shooting of teen in Woodbridge, police say"
"August 15, 2023",Mother of 6-year-old who shot teacher pleads guilty to child neglect
"August 21, 2023",Man jailed on murder charge in D.C. accused of killing behind bars
"August 21, 2023",Teens arrested after golf cart is taken at gunpoint at Va. country club
"August 21, 2023","Off-duty Fairfax officer arrested for DUI after crash, police say"
"August 20, 2023",From beauty queen to fatal overdose in Maryland dentist’s murder trial
"August 20, 2023",3 men die Saturday following violent incidents over past week
"August 19, 2023","Smoke causes evacuation of Dulles terminal, official says"
"August 19, 2023",FBI looks for Proud Boy after the Jan. 6 convict missed his sentencing
"August 19, 2023","Homicides are falling in many big cities. In D.C., they’re rising."
"August 17, 2023","D.C. police officer shoots, critically wounds armed man in Northwest"
"August 17, 2023",D.C. offers scant details about 911 calls reporting District Dogs flood
"August 17, 2023",Howard U. aims to reassure students after violence on and near campus
"August 17, 2023",D.C. officials say they will enforce youth curfew in certain areas
"August 17, 2023",Woman sentenced to 22 years for trying to mail ricin to Trump
"August 17, 2023",Arlington police arrest suspect they say assaulted women in their homes
"August 17, 2023",Man fatally shot near Columbia Heights Metro station
"August 16, 2023",Man released after sex abuse allegations arrested days later in more attacks
"August 16, 2023","16-year sentence for man who got on live video sex calls with 1,000 girls"
"August 16, 2023",Man extradited in 2022 killing of landscaper in D.C.
"August 16, 2023","Two men arrested in fatal shooting of teen in Woodbridge, police say"
"August 15, 2023",Mother of 6-year-old who shot teacher pleads guilty to child neglect
"August 15, 2023","71-year-old man killed in shooting in Northeast D.C., police say"
"August 14, 2023",Man accused of stealing ambulance from crash scene was wanted in other cases
"August 14, 2023",Police identify teen killed in shooting in Clinton area
"August 14, 2023","Md. couple and girl killed in fire in Outer Banks, official says"
"August 14, 2023",Man fatally shot in Northeast Washington
"August 13, 2023",Stolen ambulance pursued into D.C. from Virginia
"August 13, 2023",Juvenile is fatally shot in Prince William County
"August 13, 2023",Dentist charged with murder in anesthesia addiction case heads to trial
"August 13, 2023","One killed, two wounded in shooting in Prince George’s County"
"August 12, 2023","Prince George’s County, Md., police investigate fatal shooting"
"August 11, 2023",Police identify victim in fatal Woodbridge stabbing
"August 11, 2023",New D.C. police chief confronts command staff after violent weekend
"August 10, 2023",D.C. jail sued over process to receive kosher meals
"August 9, 2023",She confronted a 6-year-old seconds after he shot his teacher
"August 9, 2023",Authorities decline to say why marshals task force shot man in Alexandria
"August 9, 2023","Man shot in Northwest Washington has died, D.C. police say"
"August 8, 2023",One critically wounded after Marshals task force opens fire in Alexandria
"August 8, 2023","Body of suspect in construction worker killing is found, D.C. police say"
"August 8, 2023",Man who posed as federal law enforcement sentenced to nearly 6 years
"August 8, 2023",Police investigating inmate death in northwestern Maryland
"August 7, 2023",Three more pronounced dead from weekend gun violence in D.C.
"August 7, 2023","Woman arrested in fatal stabbing in Seat Pleasant, police say"
"August 7, 2023","Husband arrested in wife’s killing in Pr. George’s, police say"
"August 7, 2023","Girl wounded by stray bullet in Montgomery County, police say"
"August 7, 2023",Storm delays Beyoncé Renaissance concert at FedEx field; fans forced to shelter
"August 7, 2023",A Va. research farm prepares to receive a key addition — a dead body
"August 6, 2023",Surge of homicides in D.C. leaves 13 dead in August’s first 5 days
"August 6, 2023",Naked Florida man found next to body in Maryland. Was it murder?
"August 5, 2023","Six slain in shootings in the District on Saturday, police say"
"August 5, 2023","Retired Prince George’s officer shoots man, police say"
"August 5, 2023",Man is fatally shot Friday evening in Washington
"August 5, 2023","Residents, business owners confront D.C. officials over Chinatown crime"
"August 4, 2023","Man fatally shot near U Street Metro station, D.C. police say"
"August 4, 2023",A grandma was reading the Bible in her home. Then bullets flew inside.
"August 4, 2023",Advocates question whether Fairfax police foot chase policy goes far enough
"August 4, 2023",S.C. man charged with murder of family member in Prince George’s
"August 3, 2023",D.C. records five homicides in the first three days of August
"August 3, 2023",Police investigating death of female inmate at Fairfax County jail
"August 3, 2023","D.C. prepares for Trump’s return, as a criminal defendant"
"August 2, 2023",Police agencies investigating separate deaths in Prince George’s
"August 2, 2023",Former College Park mayor pleads guilty to child porn charges
"August 2, 2023",Senate buildings cleared after apparent ‘bogus’ active shooter report
"August 2, 2023","1 dead, 9 injured in crash involving wrong-way driver on interstate"
"August 2, 2023",Man arrested after exchanging gunfire with officer in Northeast D.C.
"August 1, 2023","Teen charged in fatal shooting took part in crime rampage, detective says"
"August 1, 2023",Henrietta Lacks’s family reaches settlement in extracted cell lawsuit
"August 1, 2023","Man fatally shot in Northwest Washington, D.C. police say"
"August 1, 2023","1 killed, 1 wounded in double shooting in Prince George’s, police say"
"August 1, 2023","Dying D.C. man named his shooter as ‘Papi,’ the man sleeping with his wife"
"August 1, 2023","Man fatally shot in Northeast D.C. on Monday, D.C. police say"
"August 1, 2023",She can stir a crowd. But can D.C.’s new police chief keep the city safe?
"August 1, 2023",Teenager arrested in campus death of construction worker
"July 31, 2023",Police identify man killed in double shooting in Prince George’s
"July 30, 2023","Huge cleanup, thousands without power after storms pummel D.C. region"
"July 29, 2023",Police identify victims in fatal double shooting in D.C.’s Southeast
"July 28, 2023","Man, 33, killed in Northeast D.C., police say"
"July 28, 2023","Property crime is going viral in D.C., putting shoppers on edge"
"July 28, 2023",FBI agents not charged in death of former Hogan aide Roy McGrath
"July 28, 2023","Laughter prompted fatal Capitol Heights shooting, charging documents say"
"July 27, 2023",Arrest announced in fatal hit and run crash near White House
"July 27, 2023",Man killed Wednesday while watching soccer game in Adams Morgan
"July 27, 2023",A sister lost one brother to gun violence in 2017. Now she has lost another.
"July 26, 2023",Fugitive yoga teacher brought to U.S. in 2010 killing of AU professor
"July 26, 2023",Her mom was making meatloaf. Then a bullet flew into their house.
"July 25, 2023","Girl, 12, severely wounded in Southeast Washington shooting"
"July 25, 2023",Baltimore sailor reported missing off Mexican coast
"July 25, 2023",Pr. George’s police investigate homicide in Silver Spring area
"July 24, 2023",Four killed in another violent weekend in D.C.
"July 24, 2023","Man slain over missing $10, charging documents say"
"July 24, 2023",One dead in Alexandria shooting
"July 24, 2023",Thieves swipe keys from valet stand in downtown D.C.
"July 24, 2023",Identities released after Montgomery County police fatally shoot 19-year old
"July 24, 2023",Man charged with hate crimes in Annapolis shooting that killed three
"July 24, 2023",Hyundai offers free anti-theft upgrades in D.C.
"July 24, 2023",Police identify man killed in Capitol Heights shooting
"July 24, 2023","Man fatally shot in Laurel area, police say"
"July 23, 2023",Two men killed in Columbia Heights shooting
"July 23, 2023","Montgomery County officer fatally shoots man suspected in stabbings, police say"
"July 23, 2023","Judge tosses abuse convictions of Md. teacher, citing bad lawyering"
"July 22, 2023",Man charged with manslaughter in beating that followed school fight
"July 22, 2023",Va. teen arrested in fatal shooting of 18-year-old
"July 22, 2023",Maryland 18-year-old arrested in fatal D.C. shooting
"July 22, 2023","Man killed in shooting in Southeast Washington, police say"
"July 21, 2023",Woman killed in Georgetown Hospital crash helped children in Haiti
"July 21, 2023",Security guard shoots teenager in gun battle at Metro station in D.C.
"July 21, 2023","1 killed, 5 injured in crash in Georgetown Hospital garage"
"July 20, 2023",Man sentenced to 80 years in Christmas Eve road rage killing
"July 20, 2023","Man fatally shot in Prince George’s, police say"
"July 20, 2023","Man fatally shot at coffee shop in Forestville, police say"
"July 20, 2023","Man charged in killing of 6-year-old girl dies in D.C. jail, officials say"
"July 19, 2023",Police arrest man in 2021 killing of educator in Shaw
"July 19, 2023",An 11-year-old’s robbery charges were dropped. Then he was arrested again.
"July 18, 2023",Fatal shooting near Catholic University fuels concern about crime
"July 18, 2023",Suspect in attack on Rand Paul staffer deemed ‘incompetent’ to stand trial
"July 18, 2023",Four wounded in shooting in Southeast
"July 17, 2023",D.C. mayor selects Pamela A. Smith as new police chief
"July 17, 2023","Car crashes into Prince George’s hospital, disrupts ICU"
"July 16, 2023",Police investigating a fatal shooting in Southeast D.C.
"July 16, 2023",Tributes pour in at funeral for teen killed in Baltimore block party shooting
"July 15, 2023",Man convicted of killing UDC basketball player outside tattoo shop
"July 15, 2023",Man accused of impersonating police in Maryland is arrested
"July 15, 2023",A mother saw her son’s fatal shooting — at his high school graduation
"July 15, 2023","Two slain Friday and Saturday, D.C. police say"
"July 14, 2023",D.C. Council passed an emergency crime bill. Here’s what it would do.
"July 14, 2023","17-year-old found shot in car has died, police say"
"July 14, 2023",Five people leaving a funeral shot on a bridge in Bladensburg
"July 14, 2023",Family mourns construction worker killed in robbery at Howard University
"July 14, 2023","D.C. woman charged with DUI, injuring two pedestrians, released from jail"
"July 14, 2023","Scammers targeting older Black women who were in sororities, police say"
"July 14, 2023","Pricey perfume, TVs, clothes. Police tie 6 to D.C.-area ‘pack thefts.’"
"July 13, 2023",Mental evaluation ordered for man charged in stabbing of Rand Paul staffer
"July 13, 2023","Driver fleeing Secret Service kills pedestrian near White House, officials say"
"July 13, 2023","She was abducted and killed in 1979. Decades later, police made an arrest."
"July 13, 2023","Man shot in Northeast Washington has died, D.C. police say"
"July 13, 2023","Five people shot outside Silver Spring restaurant, police say"
"July 12, 2023","Ky. teacher killed during possible robbery at Catholic University, records say"
"July 12, 2023",2 teenagers charged in Arlington fentanyl death
"July 12, 2023","Family identifies body of Gaithersburg man found in creek, police say"
"July 12, 2023","Man shot, killed in Oxon Hill convenience store, police say"
"July 12, 2023","Teens buying ‘ghost guns’ online, with deadly consequences"
"July 11, 2023",Police arrest man in killing of Ky. teacher on Catholic University campus
"July 11, 2023",D.C. Council passes emergency public safety legislation
"July 11, 2023",Jury finds D.C. police officer guilty of sexually assaulting child
"July 11, 2023",Suspect charged with killing 2 marijuana delivery drivers in D.C.
"July 10, 2023",D.C. mayor tries to shore up support for crime bill ahead of vote
"July 10, 2023","Teen arrested after bringing loaded gun to Md. high school, police say"
"July 10, 2023",Man is fatally stabbed in Seat Pleasant
"July 10, 2023",Man dies of injuries in Prince George’s shooting
"July 9, 2023","Man is fatally shot in Northeast D.C., police say"
"July 9, 2023","Man is fatally shot in District, police say"
"July 8, 2023",He served the Army in Afghanistan. He was killed driving for Lyft in D.C.
"July 8, 2023","Man fatally shot in downtown Silver Spring garage, police say"
"July 8, 2023","Fairfax man shot and killed by friend who called to confess, police say"
"July 7, 2023",One of Maryland’s oldest trees will be turned into a sculpture
"July 7, 2023","Teen arrested in Baltimore shooting that killed 2, wounded 28, police say"
"July 6, 2023",10 killings in 5 days in D.C. leave an international trail of grief
"July 6, 2023",Two French bulldogs taken at gunpoint in D.C. returned to family
"July 6, 2023",Maryland mom facing fatal child neglect trial to be released from jail
"July 6, 2023",Judge orders D.C. man to remain jailed until trial in fatal Metro shooting
"July 6, 2023","Man shot, killed in a Silver Spring home, police say"
"July 5, 2023","A deadly July Fourth in D.C., three years after city leaders vowed change"
"July 5, 2023",Pr. George’s police investigate fatal shooting in Seat Pleasant
"July 5, 2023","Man was slain in Prince George’s County, police say"
"July 5, 2023","Discarded fireworks spark house fire in Rockville, authorities say"
"July 5, 2023","2 dead, 1 injured in tractor-trailer crash on I-95 in Stafford, police say"
"July 5, 2023","Five men killed in separate shootings in D.C., police say"
"July 5, 2023","Nine wounded in shooting while celebrating July Fourth, D.C. police say"
"July 4, 2023",Two French bulldogs stolen at gunpoint in D.C.
"July 4, 2023",Secret Service investigating suspected cocaine found in White House
"July 4, 2023",Man accused of running over stranger with stolen forklift
"July 4, 2023",Man is slain on Capitol Hill
"July 3, 2023","At least 3 firearms in Baltimore shooting with 30 victims, police say"
"July 3, 2023",Longtime Metro bus driver killed in carjacking rampage
"July 3, 2023",What we know about the Baltimore shooting at a Brooklyn Day block party
"July 3, 2023","Man, two dogs killed in D.C.-area carjacking rampage, police say"
"July 3, 2023",Security photos show suspect and car being sought in D.C. firebombings
"July 2, 2023","Truist, Nike, Safeway targeted in small explosions in Northeast D.C."
"July 1, 2023","A casino, cash, guns and drugs. U.S. cracks down on Kennedy Street Crew."
"July 1, 2023","Man is slain in Petworth, D.C., police say"
"June 30, 2023","Woman stabbed, hurt Friday at Potomac Avenue Metro Station in D.C."
"June 30, 2023",Man arrested with guns near Obama’s house had been acting erratically
"June 30, 2023",Proud Boys to pay church $1 million for destroyed ‘Black Lives Matter’ sign
"June 30, 2023",Verizon customers in Maryland had trouble making 911 calls
"June 30, 2023","Man, 36, killed Thursday evening in Southeast D.C., police say"
"June 30, 2023",Several arrests made in separate homicide cases in Prince George’s County
"June 29, 2023","Pr. George’s police aim to tackle summer crime, work with community"
"June 29, 2023",Man sued for role in Jan. 6 riot arrested with weapons near Obama’s house
"June 29, 2023","In violent D.C. night, 2 are killed and 5-year-old girl is shot and wounded"
"June 29, 2023",Fire damages Ristorante Piccolo in Georgetown
"June 29, 2023",3-year-old dies after falling from Alexandria high-rise
"June 28, 2023","Pride and Ukrainian flags burned in ‘hate crimes,’ police say"
"June 28, 2023","Two fatally shot in Camp Springs area, police say"
"June 28, 2023","4 youths killed in D.C. in 10 days; city ‘is not safe,’ school official says"
"June 28, 2023",Firefighter dies when burning house collapses in Southern Maryland
"June 28, 2023","Man found slain in Accokeek area, Prince George’s police say"
"June 27, 2023",Bowser proposal to toughen D.C.’s approach to crime draws resistance
"June 27, 2023","Police, prosecutors target Kennedy Street Crew in Northwest D.C."
"June 27, 2023",Former Maryland police chief gets life prison terms for arson spree
"June 27, 2023",Two-alarm fire burns building on H Street in Northeast Washington
"June 27, 2023",Man dies in apartment fire in Southeast Washington
"June 26, 2023",Man fatally shot in Southeast D.C.
"June 24, 2023",District man sentenced to 16 years in prison for fentanyl distribution
"June 23, 2023",Man fatally shot in Montgomery County
"June 23, 2023","D.C. man convicted of murdering Unique Harris, who vanished without a trace"
"June 23, 2023","Fairfax police swap shotgun rounds for beanbags, part of national shift"
"June 23, 2023","D.C. police offer $1,000 rewards for illegal gun possession tips"
"June 23, 2023","18-year-old accused of stealing car, hitting Prince William officer"
"June 22, 2023",Three killed in separate Maryland shootings
"June 20, 2023",Man sentenced to life in prison in slayings of Va. couple
"June 20, 2023","Two men arrested in fatal shooting in Prince George’s, police say"
"June 19, 2023","Shootings in D.C. kill two teen cousins, critically injure 6-year-old"
"June 19, 2023",Arlington man arrested in stabbing death of woman he lived with
"June 18, 2023","Teen slain, child critical after two D.C. shootings"
"June 18, 2023","Four D.C. teens arrested in string of carjackings, armed robberies"
"June 17, 2023","Teenager fatally shot overnight in D.C., police say"
"June 17, 2023","Teens charged in fatal carjacking of high school student, police say"
"June 17, 2023",Big cities seek police chiefs in a critical time for law enforcement
"June 16, 2023","ICE impersonator threatened to deport woman before sex assault, police say"
"June 16, 2023",Retired D.C. lieutenant pleads guilty in fatal shooting of library officer
"June 15, 2023","Pregnant woman killed, baby survives in violent Thursday in D.C."
"June 15, 2023","Silver Spring student fatally shot in Langley Park area, officials say"
"June 15, 2023",Pr. George’s police investigating homicide in Bladensburg
"June 15, 2023",Pr. George’s police officer acquitted in alleged traffic stop assault
"June 14, 2023",Suitland man killed Tuesday in Prince George’s County
"June 13, 2023",Virginia man charged in killing of woman he was in a relationship with
"June 13, 2023","Woman missing from D.C. is found dead in Maryland, police say"
"June 13, 2023",Six convicted in trial over 2018 killing of 10-year-old girl in D.C.
"June 13, 2023",Two D.C. firefighters charged over brawl caught on video
"June 12, 2023","One dead, one injured in Prince George’s County apartment shooting"
"June 12, 2023",Parking dispute preceded shooting during Annapolis graduation party
"June 12, 2023",Suitland father charged in son’s killing in Prince George’s County
"June 12, 2023","Suspect in Va. shooting, abductions found dead by suicide, police say"
"June 12, 2023",Mother of 6-year-old who shot Va. teacher pleads guilty to gun charges
"June 11, 2023","Three dead, three injured in Annapolis shooting"
"June 10, 2023",Police report fatal stabbing in Prince George County
"June 9, 2023","Man slain in Montgomery, police say"
"June 9, 2023",Md. funeral service owner ordered held in killing of pallbearer
"June 9, 2023","Man who crashed U-Haul near White House planned other attacks, prosecutor says"
"June 9, 2023",Police arrest suspect in fatal shooting aboard Metro train
"June 9, 2023",Inside the race to capture a 200-lb. black bear on the loose in D.C.
"June 8, 2023","Bystander struck and killed after dispute, gunfire in Shaw, police say"
"June 7, 2023",Montgomery County deputy won’t face Maryland charges in fatal shooting
"June 7, 2023",He fought hard to get to graduation. He was killed after the ceremony.
"June 7, 2023",Report of person with a ‘long gun’ causes a lockdown at Bowie High School
"June 7, 2023",D.C. reaches 100 homicides at the earliest time in the year since 2003
"June 7, 2023",Police: Funeral company owner shot pallbearer at burial of 10-year-old
"June 7, 2023","Man is fatally shot in Southeast D.C., police say"
"June 6, 2023","2 fatally shot, several injured after high school graduation in Richmond"
"June 6, 2023",Two drivers charged in crash that killed six construction workers
"June 6, 2023",Prosecutors say no charges in fatal shooting by FBI agent at Metro Center
"June 6, 2023",Man fatally shot in Brentwood in Northeast Washington
"June 6, 2023",Police investigate fatal shooting at Prince George’s County cemetery
"June 6, 2023",Fire department adviser ignited change behind the scenes
"June 6, 2023",D.C.-area carjackings have soared. Here’s where they’re happening.
"June 5, 2023",He kissed his family goodbye. Their private plane never made it home.
"June 5, 2023","Woman accused of dismembering, grilling remains of 71-year-old mother"
"June 5, 2023",33-year-old dies in custody at Alexandria jail
"June 5, 2023",Man fatally shot in Southeast D.C.
"June 4, 2023",AG seeks deal with D.C. police lodge over allegedly illegal whiskey sales
"June 3, 2023","Man fatally shot in Southeast, police say"
"June 2, 2023",Prosecutors allege woman’s killing at Ivy City Hotel was random
"June 2, 2023",Prince William police identify suspect in triple homicide
"June 2, 2023","16 years later, driver who plowed car into crowded D.C. festival speaks out"
"June 1, 2023","D.C. firefighters sue city, alleging officials reneged on pension promises"
"June 1, 2023",Man pleads guilty in attack on Rep. Angie Craig in D.C. apartment building
"May 31, 2023",Prince George’s officer sentenced to 45 days for grabbing teen’s neck
"May 31, 2023",D.C. police investigating two homicides in Southeast Washington
"May 31, 2023",Two arrested in connection with double homicide in Fairfax County
"May 31, 2023",11-year-old charged in robberies as D.C. struggles to quell youth violence
"May 31, 2023","15-year-old arrested in school bus shooting attempt, police say"
"May 30, 2023","Mother of Ashli Babbitt arrested in D.C., police say"
"May 30, 2023","After teen’s killing, activists fear Metro violence becoming ‘normal’"
"May 30, 2023","Employee shot in Tony’s Place restaurant on H Street NE, police say"
"May 29, 2023",Woman dies after stabbing near Nationals Park
"May 29, 2023",Maryland teen identified as victim in Metro shooting
"May 29, 2023","Man, woman, teenager shot in Prince George’s house, police say"
"May 29, 2023",Maryland man charged in fatal stabbing in District Heights
"May 29, 2023",Boil-water alert issued for parts of Northeast Washington
"May 28, 2023",Man shot to death on Metro train pulling into Waterfront station
"May 28, 2023",Death of Md. prison inmate ruled homicide; cellmate identified as suspect
"May 28, 2023",Police investigating death of woman found under porch at Hager House
"May 28, 2023",Departing D.C. police chief says he pushed city to ‘think differently’
"May 27, 2023","Man fatally shot in Southeast Washington, police say"
"May 26, 2023","Man fatally stabbed in Prince George’s, police say"
"May 26, 2023","Four shot, two fatally, at Prince William County home, police say"
"May 26, 2023",Man accused of stealing police rifle arrested at Pentagon City mall
"May 26, 2023",D.C. official who led agencies focused on reducing gun violence dies
"May 26, 2023","Man, 19, fatally shot in Southwest Washington"
"May 25, 2023",16-year-old accused of shooting fleeing teen in head at Wheaton Metro
"May 25, 2023",15-year-old wanted in attempted killing of 14-year-old on Md. school bus
"May 25, 2023",Body-cam footage shows Fairfax officers shooting man in chaotic encounter
"May 25, 2023",4 charged with concealing body of woman found shot in car at Va. hospital
"May 25, 2023","No bail for man found with AK-47 in car at McLean, Va., preschool"
"May 24, 2023",Court official: DMV knew of DUIs of woman charged in fatal D.C. crash
"May 24, 2023","Man arrested at McLean, Va., preschool had AK-47 in his car, police say"
"May 24, 2023","Toddler was ‘tortured’ in fatal abuse case, Maryland prosecutors say"
"May 23, 2023",D.C. officer guilty of chokeholds in latest U.S. police abuse prosecution
"May 23, 2023","Driver in D.C. crash that killed 3 had blood alcohol above limit, police say"
"May 23, 2023",Woman charged in assaults at Maryland day care will remain jailed
"May 23, 2023",Md. man arrested in fatal Arlington crash
"May 23, 2023",Woman fatally shot in apartment in Prince George’s
"May 23, 2023","Truck, driver scrutinized after crash near White House, official says"
"May 22, 2023",Woman charged in Rock Creek Parkway crash that killed 3 had history of DUIs
"May 22, 2023",Student shot outside KIPP D.C. College Prep; school to reopen Wednesday
"May 21, 2023",Man shot and killed in Congress Heights
"May 20, 2023",Family and friends gather to remember 10-year-old shot on Mother’s Day
"May 20, 2023",Dumfries teenager arrested in slaying of Woodbridge man
"May 20, 2023",Man dies in crash on I-270 after police chase
"May 19, 2023",Police called 25 times to address of suspect in attack on Connolly staffers
"May 19, 2023",Man with AR-15-style rifle by bus stop says he wasn’t out to terrify kids
"May 19, 2023",Md. man who fatally stabbed 3 girls he was babysitting sentenced to life
"May 19, 2023",Bowser names Ashan Benedict interim D.C. police chief
"May 19, 2023","D.C. police officer arrested, accused of leaking info to Proud Boys leader"
"May 19, 2023","Multiple victims wounded, two killed, in shootings in Maryland, D.C."
"May 18, 2023","Killings of children spark outrage, frustration over violence in D.C."
"May 18, 2023",Driver killed in crash with deer on Dulles Airport Access Highway
"May 18, 2023","Teen charged after bringing loaded gun to Md. high school, police say"
"May 18, 2023",Fatal stabbing victims in Va. home identified as parents and adult son
"May 18, 2023","Man has died in domestic-related shooting in Pr. George’s, police say"
"May 18, 2023","Officer hid more than $1.3M, committed crimes ‘out of greed,’ U.S. says"
"May 17, 2023",17-year-old student fatally shot outside Roosevelt High School in D.C.
"May 17, 2023","10-year-old shot in D.C. on Mother’s Day has died, police say"
"May 17, 2023",Mother whose son died in D.C. police chase is charged in courtroom outburst
"May 17, 2023",Man killed in afternoon double shooting in Pr. George’s
"May 17, 2023",Two teens arrested in attempted shooting on school bus in Pr. George’s
"May 17, 2023",‘I’m going to kill you’: U.S. files charge in attack on Connolly staffers
"May 17, 2023",Capitol Police seeks increased presence outside D.C. to handle threats
"May 16, 2023",Three killed in shootings in D.C. in latest spate of violence
"May 16, 2023","Congress votes to block D.C.’s policing bill, despite Biden veto threat"
"May 16, 2023","U.S. charges Russian in global ransomware attacks, including on D.C."
"May 16, 2023","Man who attacked Connolly staff chased woman minutes before, police say"
"May 16, 2023","Three people fatally stabbed in Va. home, police say"
"May 15, 2023",Bowser unveils legislative proposal to stiffen penalties for gun crime
"May 15, 2023",Former D.C. police union official pleads guilty to fraud
"May 15, 2023",17-year-old sentenced for shooting of Commanders RB Brian Robinson
"May 15, 2023",Gerry Connolly staffers assaulted by man with bat at Va. office
"May 15, 2023",Man charged with murder in Pr. George’s shooting
"May 15, 2023","2 girls hit by stray bullets in D.C., as crime rises in the city"
"May 14, 2023",Md. teen fatally shot was driver in fatal crash two months ago
"May 13, 2023","Police rescue woman who says she was abducted, kept naked in U-Haul truck"
"May 17, 2023",17-year-old student fatally shot outside Roosevelt High School in D.C.
"May 17, 2023","10-year-old shot in D.C. on Mother’s Day has died, police say"
"May 17, 2023",Mother whose son died in D.C. police chase is charged in courtroom outburst
"May 17, 2023",Man killed in afternoon double shooting in Pr. George’s
"May 17, 2023",Two teens arrested in attempted shooting on school bus in Pr. George’s
"May 17, 2023",‘I’m going to kill you’: U.S. files charge in attack on Connolly staffers
"May 17, 2023",Capitol Police seeks increased presence outside D.C. to handle threats
"May 16, 2023",Three killed in shootings in D.C. in latest spate of violence
"May 16, 2023","Congress votes to block D.C.’s policing bill, despite Biden veto threat"
"May 16, 2023","U.S. charges Russian in global ransomware attacks, including on D.C."
"May 16, 2023","Man who attacked Connolly staff chased woman minutes before, police say"
"May 16, 2023","Three people fatally stabbed in Va. home, police say"
"May 15, 2023",Bowser unveils legislative proposal to stiffen penalties for gun crime
"May 15, 2023",Former D.C. police union official pleads guilty to fraud
"May 15, 2023",17-year-old sentenced for shooting of Commanders RB Brian Robinson
"May 15, 2023",Gerry Connolly staffers assaulted by man with bat at Va. office
"May 15, 2023",Man charged with murder in Pr. George’s shooting
"May 15, 2023","2 girls hit by stray bullets in D.C., as crime rises in the city"
"May 14, 2023",Md. teen fatally shot was driver in fatal crash two months ago
"May 13, 2023","Police rescue woman who says she was abducted, kept naked in U-Haul truck"
"May 13, 2023",Police investigating fatal shooting in Prince George’s County
"May 13, 2023","Three killed in three days in D.C. shootings, police say"
"May 13, 2023","Damascus High ‘brooming’ sex assault lawsuit can go to trial, judge rules"
"May 13, 2023","Student expelled, charged after alleged rape, Falls Church police say"
"May 12, 2023",Authorities identify man fatally shot by Fairfax County police
"May 12, 2023","Teenager fatally shot in Prince George’s, police say"
"May 12, 2023","Girl dead, father critically injured in shooting in District Heights home"
"May 11, 2023","Fairfax County police shoot, kill man during parking lot struggle"
"May 11, 2023","Man, 24, killed Wednesday in Northwest D.C."
"May 11, 2023","Stanton Samenow, psychologist who studied ‘criminal personality,’ dies at 81"
"May 10, 2023",Bowser to propose law making it easier to detain people before trial
"May 10, 2023",Mother of 6-year-old who shot Va. teacher says her son has ADHD
"May 9, 2023",Shooting outside D.C. postal facility is tied to domestic dispute
"May 9, 2023","Woman dies after being struck by firetruck in Northern Virginia, police say"
"May 9, 2023",Off-duty D.C. firefighter fatally shot during altercation in Maryland
"May 8, 2023",Postal Service employee detained after shooting outside D.C. facility
"May 7, 2023",Shot fired at Maryland mall; one person in custody
"May 7, 2023","D.C. man shot and killed in Fairfax County, police say"
"May 7, 2023","Two juveniles shot and ‘dropped off’ in Northeast D.C., police say"
"May 6, 2023","Maryland state trooper charged with assault, sex offense"
"May 13, 2023",Police investigating fatal shooting in Prince George’s County
"May 13, 2023","Three killed in three days in D.C. shootings, police say"
"May 13, 2023","Damascus High ‘brooming’ sex assault lawsuit can go to trial, judge rules"
"May 13, 2023","Student expelled, charged after alleged rape, Falls Church police say"
"May 12, 2023",Authorities identify man fatally shot by Fairfax County police
"May 12, 2023","Teenager fatally shot in Prince George’s, police say"
"May 12, 2023","Girl dead, father critically injured in shooting in District Heights home"
"May 11, 2023","Fairfax County police shoot, kill man during parking lot struggle"
"May 11, 2023","Man, 24, killed Wednesday in Northwest D.C."
"May 11, 2023","Stanton Samenow, psychologist who studied ‘criminal personality,’ dies at 81"
"May 10, 2023",Bowser to propose law making it easier to detain people before trial
"May 10, 2023",Mother of 6-year-old who shot Va. teacher says her son has ADHD
"May 9, 2023",Shooting outside D.C. postal facility is tied to domestic dispute
"May 9, 2023","Woman dies after being struck by firetruck in Northern Virginia, police say"
"May 9, 2023",Off-duty D.C. firefighter fatally shot during altercation in Maryland
"May 8, 2023",Postal Service employee detained after shooting outside D.C. facility
"May 7, 2023",Shot fired at Maryland mall; one person in custody
"May 7, 2023","D.C. man shot and killed in Fairfax County, police say"
"May 7, 2023","Two juveniles shot and ‘dropped off’ in Northeast D.C., police say"
"May 6, 2023","Maryland state trooper charged with assault, sex offense"
"May 6, 2023","Md. man charged with murder in April homicide, police say"
"May 6, 2023","Md. man charged with murder, arson after fatal shooting, police say"
"May 6, 2023","Seven slayings reported in seven days in District, according to police"
"May 5, 2023","Two slain in Annapolis area of Md.; assailant kills himself, police say"
"May 5, 2023",18-year-old man killed Thursday afternoon in Southeast D.C.
"May 5, 2023","12-year-old charged in 9 separate D.C. carjackings, robberies, assaults"
"May 5, 2023","Her son killed by police, a Black mother reluctantly becomes an advocate"
"May 4, 2023",Prosecutor alleges Md. parents watched teen daughter ‘slowly die’
"May 4, 2023",Man found dead in apparent homicide in Maryland apartment after fire
"May 4, 2023",Md. police seek 3 juveniles after attempted shooting on school bus
"May 4, 2023","Man and woman killed in separate shootings in D.C., police say"
"May 3, 2023",New hearings granted after Md. judge negotiated job with prosecutors
"May 3, 2023",Man charged repeatedly with assaulting girlfriend is arrested in her death
"May 3, 2023",Man slain in city’s third homicide in three days
"May 2, 2023","Teen driving over 120 mph loses control, slams into Va. police officer"
"May 2, 2023",She noticed her scooter was gone. Then she heard gunshots.
"May 2, 2023",Silver Spring man charged with murder in Prince George’s County
"May 2, 2023","Prince George’s police officer guilty of assault, misconduct in office"
"May 2, 2023","Stabbing suspect dies after walking into traffic, Maryland police say"
"May 2, 2023","Man is killed near National Arboretum, police say"
"May 6, 2023","Md. man charged with murder in April homicide, police say"
"May 6, 2023","Md. man charged with murder, arson after fatal shooting, police say"
"May 6, 2023","Seven slayings reported in seven days in District, according to police"
"May 5, 2023","Two slain in Annapolis area of Md.; assailant kills himself, police say"
"May 5, 2023",18-year-old man killed Thursday afternoon in Southeast D.C.
"May 5, 2023","12-year-old charged in 9 separate D.C. carjackings, robberies, assaults"
"May 5, 2023","Her son killed by police, a Black mother reluctantly becomes an advocate"
"May 4, 2023",Prosecutor alleges Md. parents watched teen daughter ‘slowly die’
"May 4, 2023",Man found dead in apparent homicide in Maryland apartment after fire
"May 4, 2023",Md. police seek 3 juveniles after attempted shooting on school bus
"May 4, 2023","Man and woman killed in separate shootings in D.C., police say"
"May 3, 2023",New hearings granted after Md. judge negotiated job with prosecutors
"May 3, 2023",Man charged repeatedly with assaulting girlfriend is arrested in her death
"May 3, 2023",Man slain in city’s third homicide in three days
"May 2, 2023","Teen driving over 120 mph loses control, slams into Va. police officer"
"May 2, 2023",She noticed her scooter was gone. Then she heard gunshots.
"May 2, 2023",Silver Spring man charged with murder in Prince George’s County
"May 2, 2023","Prince George’s police officer guilty of assault, misconduct in office"
"May 2, 2023","Stabbing suspect dies after walking into traffic, Maryland police say"
"May 2, 2023","Man is killed near National Arboretum, police say"
"May 2, 2023","Man slain on Jay Street, D.C. police say"
"May 1, 2023",Man fatally shot in District Heights identified as Hyattsville resident
"May 1, 2023",Arlington man charged with killing 3-month-old girl
"May 1, 2023",Va. man gets 10-year sentence in fatal Alexandria crash
"April 28, 2023","Va. man fatally shot wife and her brother, then killed himself, police say"
"April 28, 2023",3-year-old abducted from Tysons Corner Center play area by stranger
"April 28, 2023",Man who killed Va. military couple sentenced to life in prison
"April 28, 2023","Man charged with murder in shooting of teen while driving, police say"
"April 28, 2023","Man, 27, killed Thursday night in Southeast D.C., police say"
"April 28, 2023","A fight over french fries ended in a fatal shooting, but who fired the gun?"
"April 27, 2023","Three people found fatally shot inside Fairfax County home, police say"
"April 27, 2023",Bowser announces national search to replace outgoing D.C. police chief
"April 27, 2023",Charge dropped against man seen being beaten by D.C. firefighters
"April 26, 2023","D.C. firefighters caught on video in altercation, department investigating"
"April 26, 2023","D.C. police chief Robert Contee is retiring, will take job with FBI"
"April 26, 2023",Teen guilty in shooting of Commanders player Robinson back in custody
"April 26, 2023",D.C. settles suit brought by 2 journalists detained during Trump inauguration
"April 25, 2023",Special grand jury to probe police shooting of unarmed man near Tysons
"April 24, 2023","Motorcyclist dies after three crashes, Virginia police say"
"April 22, 2023",One dead in fire at Northeast Washington apartment building
"May 2, 2023","Man slain on Jay Street, D.C. police say"
"May 1, 2023",Man fatally shot in District Heights identified as Hyattsville resident
"May 1, 2023",Arlington man charged with killing 3-month-old girl
"May 1, 2023",Va. man gets 10-year sentence in fatal Alexandria crash
"April 28, 2023","Va. man fatally shot wife and her brother, then killed himself, police say"
"April 28, 2023",3-year-old abducted from Tysons Corner Center play area by stranger
"April 28, 2023",Man who killed Va. military couple sentenced to life in prison
"April 28, 2023","Man charged with murder in shooting of teen while driving, police say"
"April 28, 2023","Man, 27, killed Thursday night in Southeast D.C., police say"
"April 28, 2023","A fight over french fries ended in a fatal shooting, but who fired the gun?"
"April 27, 2023","Three people found fatally shot inside Fairfax County home, police say"
"April 27, 2023",Bowser announces national search to replace outgoing D.C. police chief
"April 27, 2023",Charge dropped against man seen being beaten by D.C. firefighters
"April 26, 2023","D.C. firefighters caught on video in altercation, department investigating"
"April 26, 2023","D.C. police chief Robert Contee is retiring, will take job with FBI"
"April 26, 2023",Teen guilty in shooting of Commanders player Robinson back in custody
"April 26, 2023",D.C. settles suit brought by 2 journalists detained during Trump inauguration
"April 25, 2023",Special grand jury to probe police shooting of unarmed man near Tysons
"April 24, 2023","Motorcyclist dies after three crashes, Virginia police say"
"April 22, 2023",One dead in fire at Northeast Washington apartment building
"April 21, 2023","Eight shot at two sites in Southeast Washington, police say"
"April 21, 2023",Three found dead after vehicle plunges into Anacostia River
"April 21, 2023","Man was followed from check-cashing business before he was killed, police say"
"April 21, 2023","Man fatally shot in Southeast Washington, D.C. police say"
"April 21, 2023","One year after a school shooting in D.C., a survivor reclaims his life"
"April 21, 2023",No charges to be filed against D.C. officer in 2022 fatal shooting of woman
"April 21, 2023",Off-duty D.C. police sergeant killed in motorcycle crash
"April 20, 2023",Prosecutors say no charges against man who stabbed suspected carjacker
"April 20, 2023",Internal report clears officers of wrongdoing in Swann Street arrests
"April 20, 2023",Quantico Marine Corps Base briefly shelters in place over car backfire
"April 20, 2023",Man fatally shot on Rhode Island Avenue in Northwest Washington
"April 20, 2023",Discovery of mystery canisters shuts part of D.C.’s Fort Totten Park
"April 19, 2023","Man threatens Md. parishioners with machete, yells racial slurs, police say"
"April 19, 2023","Shot fired during attempted carjacking in MGM garage, police say"
"April 19, 2023","Robbers take car and cat on Capitol Hill, police say"
"April 18, 2023",Family denounced police over grand jury declination in shooting near Tysons mall
"April 18, 2023","McGrath didn’t book plane tickets to Md. before trial, court documents say"
"April 18, 2023",D.C. police staffing reaches half-century low as homicides rise
"April 18, 2023",Man arrested in fatal stabbing after dispute on Metrobus in Wheaton area
"April 18, 2023","Children sickened with drugged candy at Rockville school, police say"
"April 21, 2023","Eight shot at two sites in Southeast Washington, police say"
"April 21, 2023",Three found dead after vehicle plunges into Anacostia River
"April 21, 2023","Man was followed from check-cashing business before he was killed, police say"
"April 21, 2023","Man fatally shot in Southeast Washington, D.C. police say"
"April 21, 2023","One year after a school shooting in D.C., a survivor reclaims his life"
"April 21, 2023",No charges to be filed against D.C. officer in 2022 fatal shooting of woman
"April 21, 2023",Off-duty D.C. police sergeant killed in motorcycle crash
"April 20, 2023",Prosecutors say no charges against man who stabbed suspected carjacker
"April 20, 2023",Internal report clears officers of wrongdoing in Swann Street arrests
"April 20, 2023",Quantico Marine Corps Base briefly shelters in place over car backfire
"April 20, 2023",Man fatally shot on Rhode Island Avenue in Northwest Washington
"April 20, 2023",Discovery of mystery canisters shuts part of D.C.’s Fort Totten Park
"April 19, 2023","Man threatens Md. parishioners with machete, yells racial slurs, police say"
"April 19, 2023","Shot fired during attempted carjacking in MGM garage, police say"
"April 19, 2023","Robbers take car and cat on Capitol Hill, police say"
"April 18, 2023",Family denounced police over grand jury declination in shooting near Tysons mall
"April 18, 2023","McGrath didn’t book plane tickets to Md. before trial, court documents say"
"April 18, 2023",D.C. police staffing reaches half-century low as homicides rise
"April 18, 2023",Man arrested in fatal stabbing after dispute on Metrobus in Wheaton area
"April 18, 2023","Children sickened with drugged candy at Rockville school, police say"
"April 17, 2023","Man slain in Prince George’s, police say"
"April 17, 2023",Fairfax grand jury declines to indict officer who killed man near Tysons
"April 17, 2023",Fairfax police investigate death of woman found shot in car at hospital
"April 17, 2023",EPA investigator named as new U.S. Park Police chief
"April 16, 2023","Young girl shot and wounded Sunday in Southeast D.C., police say"
"April 16, 2023","Man, woman fatally shot in D.C. this weekend, police say"
"April 15, 2023",Md. judge quietly negotiated job with prosecutors while hearing cases
"April 14, 2023",Fairfax County teacher accused of sexual contact with student
"April 14, 2023","Mother of 6-year-old who shot Va. teacher wants plea deal, lawyer says"
"April 14, 2023","D.C. Metro shooting suspect exaggerating mental issues, psychologist says"
"April 14, 2023",Md. gun range owner pleads not guilty in alleged machine gun scheme
"April 14, 2023","Suspected carjacker gets stabbed, crashes stolen car and dies, D.C. police say"
"April 14, 2023","‘Suspicious’ bus used in attempt to pick up child, Fairfax police say"
"April 14, 2023",A D.C. mom showed her son victims of gun violence. Then he became one.
"April 14, 2023","Assault-style rifle seized from truck headed to Capitol, police say"
"April 13, 2023",Man charged with murder in 2020 homicide in Prince George’s County
"April 13, 2023",Man fatally shot inside McDonald’s in the District
"April 13, 2023",False calls of active shooters prompt shelter orders at D.C. universities
"April 13, 2023","D.C. man slain after funeral was carrying things to hearse, uncle says"
"April 12, 2023","Baltimore man charged with murder in Capitol Heights shooting, police say"
"April 11, 2023",Suspect detained after barricade at Arlington bank with customers inside
"April 11, 2023","1 killed, 3 wounded in shooting outside D.C. funeral home"
"April 11, 2023","Trains resume between Maryland and Washington, Amtrak says"
"April 11, 2023",Former assistant principal investigated over teacher’s shooting by 6-year-old
"April 11, 2023",D.C. police make arrest in January homicide
"April 11, 2023",Montgomery County police probe killing of 20-year-old man
"April 11, 2023","Md. man fatally shot in Montgomery County, police say"
"April 11, 2023","Man fatally stabbed after exiting Metrobus in Maryland, police say"
"April 11, 2023","Man fatally shot in Prince George’s County, police say"
"April 11, 2023","Man killed in Prince George’s shooting, police say"
"April 11, 2023","Popular handgun fires without anyone pulling the trigger, victims say"
"April 10, 2023","Va. trooper spoke with abduction victim before deadly I-95 shootout, police say"
"April 10, 2023",Mother charged in case of Va. 6-year-old who shot teacher at school
"April 9, 2023","Man fatally shot in Southeast Washington, police say"
"April 9, 2023","After U.S. marshals fatally shoot D.C. man, caravan drives for justice"
"April 9, 2023","ATV driven by boy, 7, crashes, killing 5-year-old girl, police say"
"April 8, 2023",A 17-year-old murdered 3 people. Have 34 years in prison been enough?
"April 7, 2023",Prosecutors weigh charging YouTube prankster who was shot in Va. mall
"April 7, 2023",Two youths stabbed and wounded at Fairfax County Walmart
"April 7, 2023",Texts between D.C. police and Proud Boys head shown at Jan. 6 trial
